{
	"type": "origins:action_on_callback",
	"entity_action_chosen": {
		"type": "origins:and",
		"actions": [
			{
				"type": "origins:execute_command",
				"command": "function thi_key_library:enable_trigger",
				"permission_level": 4
			},
			{    
				"type": "origins:execute_command",
				"command": "function thi_key_library:start_world",
				"permission_level": 4
			},
			{    
				"type": "origins:execute_command",
				"command": "gamerule sendCommandFeedback false",
				"permission_level": 4
			}
		]
	},
	"hidden": true
}